{
  "model_name": "Climatempo",
  "model_type": "regression",
  "algorithm": "random_forest",
  "target_column": "ice_creams_sold",
  "feature_columns": [
    "temperature_celsius"
  ],
  "n_features": 1,
  "metrics": {
    "train_mse": 79.10555800564488,
    "train_mae": 6.295484374999999,
    "train_r2": 0.9643903419634627,
    "test_mse": 187.86459614068698,
    "test_mae": 9.372316220238096,
    "test_r2": 0.8897256288259942,
    "mse": 187.86459614068698,
    "rmse": 13.706370640716198,
    "mae": 9.372316220238096,
    "r2_score": 0.8897256288259942,
    "has_feature_importance": true
  },
  "hyperparameters": {},
  "training_info": {
    "trained_at": "2026-06-11T14:40:20.042615",
    "train_duration_seconds": 0.115894,
    "total_rows": 160,
    "train_rows": 112,
    "test_rows": 48,
    "n_features": 1
  },
  "sklearn_version": "1.9.0",
  "model_version": "1.0"
}